intent,audio_file
casual_talk_greeting,audio_0
casual_talk_greeting,audio_1
casual_talk_greeting,audio_2
casual_talk_greeting,audio_3
casual_talk_greeting,audio_4
casual_talk_greeting,audio_5
casual_talk_greeting,audio_6
casual_talk_greeting,audio_7
casual_talk_greeting,audio_8
casual_talk_greeting,audio_9
casual_talk_greeting,audio_10
casual_talk_greeting,audio_11
casual_talk_greeting,audio_12
casual_talk_greeting,audio_13
casual_talk_greeting,audio_14
casual_talk_greeting,audio_15
casual_talk_greeting,audio_16
casual_talk_greeting,audio_17
casual_talk_greeting,audio_18
casual_talk_greeting,audio_19
casual_talk_greeting,audio_20
casual_talk_greeting,audio_21
casual_talk_greeting,audio_22
casual_talk_greeting,audio_23
casual_talk_greeting,audio_24
casual_talk_greeting,audio_25
casual_talk_greeting,audio_26
casual_talk_greeting,audio_27
casual_talk_greeting,audio_28
casual_talk_greeting,audio_29
casual_talk_greeting,audio_30
casual_talk_greeting,audio_31
casual_talk_greeting,audio_32
casual_talk_greeting,audio_33
casual_talk_greeting,audio_34
casual_talk_greeting,audio_35
casual_talk_greeting,audio_36
casual_talk_greeting,audio_37
casual_talk_greeting,audio_38
casual_talk_greeting,audio_39
casual_talk_greeting,audio_40
casual_talk_goodbye,audio_41
casual_talk_goodbye,audio_42
casual_talk_goodbye,audio_43
casual_talk_goodbye,audio_44
casual_talk_goodbye,audio_45
casual_talk_goodbye,audio_46
casual_talk_goodbye,audio_47
casual_talk_goodbye,audio_48
casual_talk_goodbye,audio_49
casual_talk_goodbye,audio_50
casual_talk_goodbye,audio_51
casual_talk_goodbye,audio_52
casual_talk_goodbye,audio_53
Top_speed,audio_54
Top_speed,audio_55
Top_speed,audio_56
Top_speed,audio_57
Top_speed,audio_58
Top_speed,audio_59
Top_speed,audio_60
Top_speed,audio_61
Top_speed,audio_62
Top_speed,audio_63
Top_speed,audio_64
Top_speed,audio_65
Top_speed,audio_66
Top_speed,audio_67
Top_speed,audio_68
Top_speed,audio_69
Top_speed,audio_70
Top_speed,audio_71
Top_speed,audio_72
Top_speed,audio_73
Locate_Dealer,audio_74
Locate_Dealer,audio_75
Locate_Dealer,audio_76
Locate_Dealer,audio_77
Locate_Dealer,audio_78
Locate_Dealer,audio_79
Locate_Dealer,audio_80
Locate_Dealer,audio_81
Locate_Dealer,audio_82
Locate_Dealer,audio_83
Locate_Dealer,audio_84
Locate_Dealer,audio_85
Locate_Dealer,audio_86
Locate_Dealer,audio_87
Locate_Dealer,audio_88
Locate_Dealer,audio_89
Locate_Dealer,audio_90
Locate_Dealer,audio_91
Locate_Dealer,audio_92
Locate_Dealer,audio_93
Locate_Dealer,audio_94
Locate_Dealer,audio_95
Locate_Dealer,audio_96
Locate_Dealer,audio_97
Locate_Dealer,audio_98
Locate_Dealer,audio_99
Locate_Dealer,audio_100
Locate_Dealer,audio_101
Locate_Dealer,audio_102
Locate_Dealer,audio_103
Locate_Dealer,audio_104
book_now,audio_105
book_now,audio_106
book_now,audio_107
book_now,audio_108
book_now,audio_109
book_now,audio_110
book_now,audio_111
book_now,audio_112
book_now,audio_113
book_now,audio_114
book_now,audio_115
book_now,audio_116
book_now,audio_117
book_now,audio_118
book_now,audio_119
book_now,audio_120
book_now,audio_121
book_now,audio_122
book_now,audio_123
book_now,audio_124
book_now,audio_125
book_now,audio_126
book_now,audio_127
book_now,audio_128
book_now,audio_129
book_now,audio_130
book_now,audio_131
book_now,audio_132
book_now,audio_133
book_now,audio_134
book_now,audio_135
book_now,audio_136
book_now,audio_137
book_now,audio_138
book_now,audio_139
book_now,audio_140
book_now,audio_141
book_now,audio_142
book_now,audio_143
book_now,audio_144
book_now,audio_145
book_now,audio_146
book_now,audio_147
book_now,audio_148
book_now,audio_149
book_now,audio_150
book_now,audio_151
book_now,audio_152
book_now,audio_153
book_now,audio_154
book_now,audio_155
book_now,audio_156
book_now,audio_157
Running_operating_cost,audio_158
Running_operating_cost,audio_159
Running_operating_cost,audio_160
Running_operating_cost,audio_161
Running_operating_cost,audio_162
Running_operating_cost,audio_163
Running_operating_cost,audio_164
Running_operating_cost,audio_165
Running_operating_cost,audio_166
Running_operating_cost,audio_167
Running_operating_cost,audio_168
Running_operating_cost,audio_169
Running_operating_cost,audio_170
Running_operating_cost,audio_171
Running_operating_cost,audio_172
Running_operating_cost,audio_173
Running_operating_cost,audio_174
Running_operating_cost,audio_175
Running_operating_cost,audio_176
Running_operating_cost,audio_177
Running_operating_cost,audio_178
Running_operating_cost,audio_179
Running_operating_cost,audio_180
Running_operating_cost,audio_181
Running_operating_cost,audio_182
Running_operating_cost,audio_183
Running_operating_cost,audio_184
Running_operating_cost,audio_185
Running_operating_cost,audio_186
Running_operating_cost,audio_187
Running_operating_cost,audio_188
Running_operating_cost,audio_189
Running_operating_cost,audio_190
Running_operating_cost,audio_191
Running_operating_cost,audio_192
Running_operating_cost,audio_193
Running_operating_cost,audio_194
Running_operating_cost,audio_195
Running_operating_cost,audio_196
Running_operating_cost,audio_197
Running_operating_cost,audio_198
Running_operating_cost,audio_199
battery,audio_200
battery,audio_201
battery,audio_202
battery,audio_203
battery,audio_204
battery,audio_205
battery,audio_206
battery,audio_207
battery,audio_208
battery,audio_209
battery,audio_210
battery,audio_211
battery,audio_212
battery,audio_213
battery,audio_214
battery,audio_215
battery,audio_216
battery,audio_217
battery,audio_218
battery,audio_219
battery,audio_220
battery,audio_221
battery,audio_222
battery,audio_223
battery,audio_224
battery,audio_225
battery,audio_226
battery,audio_227
battery,audio_228
battery,audio_229
battery,audio_230
battery,audio_231
battery,audio_232
battery,audio_233
battery,audio_234
battery,audio_235
battery,audio_236
battery,audio_237
battery,audio_238
battery,audio_239
battery,audio_240
battery,audio_241
battery,audio_242
battery,audio_243
battery,audio_244
battery,audio_245
battery,audio_246
battery,audio_247
battery,audio_248
battery,audio_249
battery,audio_250
battery,audio_251
battery,audio_252
battery,audio_253
battery,audio_254
About_iQube,audio_255
About_iQube,audio_256
About_iQube,audio_257
About_iQube,audio_258
About_iQube,audio_259
About_iQube,audio_260
About_iQube,audio_261
About_iQube,audio_262
About_iQube,audio_263
About_iQube,audio_264
About_iQube,audio_265
About_iQube,audio_266
About_iQube,audio_267
About_iQube,audio_268
About_iQube,audio_269
About_iQube,audio_270
About_iQube,audio_271
About_iQube,audio_272
About_iQube,audio_273
About_iQube,audio_274
About_iQube,audio_275
About_iQube,audio_276
About_iQube,audio_277
About_iQube,audio_278
About_iQube,audio_279
About_iQube,audio_280
About_iQube,audio_281
About_iQube,audio_282
About_iQube,audio_283
About_iQube,audio_284
About_iQube,audio_285
bike_modes,audio_286
bike_modes,audio_287
bike_modes,audio_288
bike_modes,audio_289
bike_modes,audio_290
bike_modes,audio_291
bike_modes,audio_292
bike_modes,audio_293
bike_modes,audio_294
bike_modes,audio_295
bike_modes,audio_296
bike_modes,audio_297
bike_modes,audio_298
bike_modes,audio_299
bike_modes,audio_300
bike_modes,audio_301
bike_modes,audio_302
bike_modes,audio_303
bike_modes,audio_304
bike_modes,audio_305
bike_modes,audio_306
bike_modes,audio_307
bike_modes,audio_308
bike_modes,audio_309
bike_modes,audio_310
bike_modes,audio_311
bike_modes,audio_312
bike_modes,audio_313
bike_modes,audio_314
bike_modes,audio_315
bike_modes,audio_316
bike_modes,audio_317
bike_modes,audio_318
bike_modes,audio_319
bike_modes,audio_320
bike_modes,audio_321
bike_modes,audio_322
bike_modes,audio_323
bike_modes,audio_324
bike_modes,audio_325
bike_modes,audio_326
bike_modes,audio_327
bike_modes,audio_328
